Key	Name	Strength	Dexterity	Stamina	WeaponKey	ArmorKey	Hp		Experience
Enemy	Деревеншина	d8	d4	d6	Топор,Вилы	Кожаный доспех	10+d10		1
Enemy	Ремесленик	d8	d5	d6	Топор,Вилы	Клепаный доспех	15+d10		1
Enemy	Кузнец	d10	d12	d10	Топор,Вилы	Железный доспех	20+d10		2
									
Enemy	Деревенская стража	2+d10	d4	1+d8	Пика,Копье	Железный доспех	20+d12		2
Enemy	Городская стража	1+d10	d4	1+d6	Пика,Алебарда,Кремнёвый пистолет	Железный доспех	20+d6		2
Enemy	Королевская стража	2+d20	d4	2+d12	Пика,Алебарда,Кремнёвый мушкет	Стальной доспех	20+d20		3
									
Enemy	Культист Девяти Камней	3+d12	1+d12	d6	Копьё,Cтандартное Кольцо,Кинжал	Кожаный доспех	10+d12		4
Enemy	Старший Культист Девяти Камней	4+d12	1+d12	d8	Копьё,Cтандартное Кольцо,Cреднее Кольцо	Кожаный доспех	20+d12		4
Enemy	Древний Культист Девяти Камней	5+d20	1+d12	d12			100+d20		5
Enemy	Мельчайший Осколок Бога	20+d20	20+d20	20+d20	Божественное Дыхание	Божественная Кожа	1000		100
									
									
									
									
									
									
									
Enemy		9			Кольца, шпаги		6+d12		
Enemy	Драугры	4			Мечи, топоры		8+d12		2
Enemy	Стража	7			Копья, албарды...				
Enemy									
Enemy									
Enemy	Озаренная	9			Когти света (d20,2,3)		80		20
Enemy	Древний голем				Пороховые руки (d20,10,3)		70		10
									
Enemy									
									
Key	Name	Damage	Type	Distance	RadiusEffect				
Weapon	Божественное Дыхание	50+d50		10	5				
									
									
									
									
									
									
									
									
Weapon	Палаш	d8		1					
Weapon	Сабля	d8		1					
Weapon	Шпага	d12		2					
Weapon									
Weapon	Кремнёвый мушкет	d20 		12					
Weapon	Кремнёвый пистолет	d12		8					
									
Weapon	Метательные копья	2|d12		6					
Weapon	Дротики	8|d6		6					
Weapon	Праща	d12		12					
									
Weapon	Пика	d12		3					
Weapon	Алебарда	d20		3					
Weapon	Копьё	d12		3					
									
Weapon	Меч	d8		1					
Weapon	Топор	d12		1					
Weapon	Большой топор 	d20		1	3				
									
Weapon	Стандартное Кольцо	d20		20	3				
Weapon	Среднее Кольцо	d100		5	5				
									
Weapon	Кинжал	d6							
									
Weapon									
									
Key	Name	DamageResist							
Armor	Кожаный доспех	d4							
Armor	Плетенный доспех	1+d4							
Armor	Клепаный доспех	2+d6							
Armor	Железный доспех	4+d8							
Armor	Стальной доспех	4+d12							
Armor	Божественная Кожа	50+d50							